<?xml version="1.0" encoding="UTF-8"?>
    <addon id="repository.masterzd" name=".[COLOR blue]MasterZD[/COLOR] repo" version="1.1.5" provider-name="Master ZD Team">
        <requires>
            <import addon="xbmc.addon" version="12.0.0"/>
        </requires>
        <extension point="xbmc.addon.repository" name="MasterZDrepo">
            <info compressed="false">http://kodimasterzd.webshopp.net/_repo/addons.xml</info>
            <checksum>http://kodimasterzd.webshopp.net/_repo/addons.xml.md5</checksum>
            <datadir zip="true">http://kodimasterzd.webshopp.net/_repo/</datadir>
            <hashes>false</hashes>
        </extension>
        <extension point="xbmc.addon.metadata">
            <summary>Instalacija Builda te najnovijih addona iz Masterzd Repozitorija</summary>
            <description>Master ZD Team.</description>
            <platform>all</platform>
    </extension>
</addon>